Embedding,Loss_final,R2_eval,Loss_eval,R2_tst,Loss_tst,Loss_nodes
10,0.020502129569649696,-2.7116315364837646,0.02652204968035221,-1.6667100919096043,0.021834056824445724,"[0.006666203029453754, 0.006666203029453754, 0.010726919397711754, 0.022172091528773308, 0.02582891844213009, 0.03017370216548443, 0.015643883496522903, 0.022864844650030136, 0.029776258394122124, 0.023357687518000603, 0.029860392212867737, 0.018061526119709015, 0.007263700477778912, 0.022227350622415543, 0.02386459708213806, 0.024058865383267403, 0.02686292491853237, 0.02913161925971508, 0.026312584057450294, 0.03043903224170208, 0.028882542625069618, 0.017262732610106468, 0.02407866343855858]"
20,0.02034391276538372,-2.7603745460510254,0.026860184967517853,-1.6555857432364378,0.02166500873863697,"[0.0066333371214568615, 0.0066333371214568615, 0.010269791819155216, 0.02205650880932808, 0.025509610772132874, 0.03014903888106346, 0.015180396847426891, 0.022858919575810432, 0.029799532145261765, 0.02339784987270832, 0.029829110950231552, 0.018017414957284927, 0.007267414126545191, 0.02208678051829338, 0.0236698966473341, 0.023863615468144417, 0.026757463812828064, 0.028365900740027428, 0.026092953979969025, 0.029788518324494362, 0.028782544657588005, 0.01723688840866089, 0.02404842898249626]"
40,0.019519029185175896,-2.852989435195923,0.026276519522070885,-1.7606008116694134,0.02104428969323635,"[0.007372792344540358, 0.007372792344540358, 0.010599518194794655, 0.021183107048273087, 0.02441125176846981, 0.02899486944079399, 0.01526254415512085, 0.02204534411430359, 0.028701862320303917, 0.022578127682209015, 0.02875581942498684, 0.017760707065463066, 0.008196057751774788, 0.021440541371703148, 0.022836361080408096, 0.022990981116890907, 0.025537703186273575, 0.027098406106233597, 0.024889733642339706, 0.028295885771512985, 0.027435267344117165, 0.01721462979912758, 0.02304433099925518]"
60,0.0195689145475626,-2.8388917446136475,0.025899160653352737,-1.7439570916440057,0.02074003592133522,"[0.007276752032339573, 0.007276752032339573, 0.010637735016644001, 0.0209808349609375, 0.024214619770646095, 0.028670327737927437, 0.015262303873896599, 0.021807631477713585, 0.028305580839514732, 0.02232692763209343, 0.028430568054318428, 0.017453020438551903, 0.008080094121396542, 0.020936269313097, 0.022301390767097473, 0.02248498797416687, 0.024921022355556488, 0.026623452082276344, 0.02460203506052494, 0.028039874508976936, 0.027073152363300323, 0.016733916476368904, 0.022581588476896286]"
