Embedding,Loss_final,R2_eval,Loss_eval,R2_tst,Loss_tst,Loss_nodes
10,0.008212880231440067,-1.549892783164978,0.009214475750923157,-1.6679925084686857,0.0068975938484072685,"[[0.0019146326230838895, 0.003743845270946622, 0.004706668201833963, 0.0026437060441821814, 0.008069977164268494, 0.004081367049366236, 0.0037524935323745012, 0.004897300153970718, 0.004979592747986317, 0.005073912441730499, 0.00508471205830574, 0.007164624985307455, 0.008102607913315296, 0.00925816036760807, 0.009180639870464802, 0.008533480577170849, 0.013070184737443924, 0.010816185735166073, 0.00970594771206379, 0.013171817176043987]]"
20,0.008757339790463448,-1.5932894945144653,0.009400608949363232,-1.7045405447495123,0.006948938127607107,"[[0.0019030554685741663, 0.0037804157473146915, 0.004950054455548525, 0.0027625656221061945, 0.008122761733829975, 0.004378148820251226, 0.004022564738988876, 0.004906365182250738, 0.005138958804309368, 0.005306298844516277, 0.004688198212534189, 0.00700546707957983, 0.007750365417450666, 0.009042588993906975, 0.009215004742145538, 0.00859312154352665, 0.012939322739839554, 0.011259231716394424, 0.009869342669844627, 0.01334493700414896]]"
40,0.008074481971561909,-1.850043535232544,0.00971291121095419,-2.0410251034885287,0.007293247152119875,"[[0.0019607986323535442, 0.004174965899437666, 0.00442353542894125, 0.0030487687326967716, 0.008212033659219742, 0.004178029019385576, 0.004197810310870409, 0.005397274624556303, 0.0050544096156954765, 0.005991864018142223, 0.0050220494158566, 0.007775100879371166, 0.008818337693810463, 0.009803215973079205, 0.010191471315920353, 0.008673734031617641, 0.013613030314445496, 0.011085201054811478, 0.010023250244557858, 0.014220076613128185]]"
60,0.007629462517797947,-2.142382860183716,0.010261769406497478,-2.4224573849014015,0.007809814997017384,"[[0.002941273618489504, 0.005372240208089352, 0.0046060713939368725, 0.0036138384602963924, 0.008341196924448013, 0.004342778120189905, 0.004445801489055157, 0.005747990682721138, 0.005426608491688967, 0.006142802536487579, 0.005518537480384111, 0.008353780955076218, 0.0088457390666008, 0.010164076462388039, 0.009773604571819305, 0.009408976882696152, 0.0156411062926054, 0.01167726144194603, 0.010666940361261368, 0.015165641903877258]]"
