Embedding,Loss_final,R2_eval,Loss_eval,R2_tst,Loss_tst,Loss_nodes
10,0.01854655332863331,-2.8099870681762695,0.02614775113761425,-1.258133558717593,0.017936665564775467,"[[0.005709188990294933, 0.00766111770644784, 0.007956353016197681, 0.00955013558268547, 0.012311684899032116, 0.0101145189255476, 0.0149203110486269, 0.01813565380871296, 0.01724550500512123, 0.01724078319966793, 0.0213618203997612, 0.021428711712360382, 0.025088205933570862, 0.023601487278938293, 0.024064049124717712, 0.02101823501288891, 0.024921663105487823, 0.025139842182397842, 0.024579742923378944, 0.026684274896979332]]"
20,0.01857822760939598,-2.8381426334381104,0.025824543088674545,-1.2871202634537573,0.017845159396529198,"[[0.006133874412626028, 0.0075325206853449345, 0.008235420100390911, 0.008876695297658443, 0.009791459888219833, 0.01169562991708517, 0.015455965884029865, 0.014987069182097912, 0.017451142892241478, 0.017772817984223366, 0.019377514719963074, 0.021551411598920822, 0.023284388706088066, 0.02500852569937706, 0.025348754599690437, 0.02263086475431919, 0.024704745039343834, 0.024710100144147873, 0.02521209791302681, 0.027142232283949852]]"
40,0.01797596924006939,-2.3843233585357666,0.02471904270350933,-0.8273464550130717,0.01629474200308323,"[[0.003982333932071924, 0.0064249057322740555, 0.006531785242259502, 0.008023642934858799, 0.009671512059867382, 0.009038455784320831, 0.012868255376815796, 0.01413235068321228, 0.01577676832675934, 0.016310280188918114, 0.01746145449578762, 0.02111201360821724, 0.02377409115433693, 0.022061552852392197, 0.023862488567829132, 0.021263133734464645, 0.022160612046718597, 0.025343500077724457, 0.022113092243671417, 0.023982590064406395]]"
60,0.017677852883934975,-2.310422897338867,0.02449885569512844,-0.8700353467201102,0.016591185703873634,"[[0.004875965416431427, 0.005500371567904949, 0.0067552803084254265, 0.008078126236796379, 0.00924494955688715, 0.009991149418056011, 0.013340150937438011, 0.01449217926710844, 0.01625026762485504, 0.01653802953660488, 0.017889298498630524, 0.021092452108860016, 0.0238740723580122, 0.02245444990694523, 0.024119772017002106, 0.021818114444613457, 0.022338084876537323, 0.025516333058476448, 0.022768357768654823, 0.02488628961145878]]"
