{"test_loss": 1.5514042377471924, "test_acc": 0.578294575214386, "test_balanced_acc": 0.32575757575757575, "test_f1_score": 0.4083601260838886}